Designator,Comment,Value,Footprint,JLCPCB Part #,Manufacturer Part Number,Assembly Process
U_PD,CH224K,CH224K,C970725,C970725,CH224K,Top SMT reflow
R_PD,ERJPA3F1001V,1kΩ,C441922,C441922,ERJPA3F1001V,Top SMT reflow
C_PD,CL10A105KB8NNNC,1uF,C15849,C15849,CL10A105KB8NNNC,Top SMT reflow
R_PG,0603WAF1002T5E,10kΩ,C25804,C25804,0603WAF1002T5E,Top SMT reflow
U_MCU,RP2040,RP2040,C2040,C2040,RP2040,Top SMT reflow
C_IO1,CL05B104KO5NNNC,100nF,C1525,C1525,CL05B104KO5NNNC,Top SMT reflow
C_IO10,CL05B104KO5NNNC,100nF,C1525,C1525,CL05B104KO5NNNC,Top SMT reflow
C_IO33,CL05B104KO5NNNC,100nF,C1525,C1525,CL05B104KO5NNNC,Top SMT reflow
C_IO42,CL05B104KO5NNNC,100nF,C1525,C1525,CL05B104KO5NNNC,Top SMT reflow
C_IO49,CL05B104KO5NNNC,100nF,C1525,C1525,CL05B104KO5NNNC,Top SMT reflow
C_DV50,CL05B104KO5NNNC,100nF,C1525,C1525,CL05B104KO5NNNC,Top SMT reflow
C_USB,CL05B104KO5NNNC,100nF,C1525,C1525,CL05B104KO5NNNC,Top SMT reflow
C_ADC,CL05B104KO5NNNC,100nF,C1525,C1525,CL05B104KO5NNNC,Top SMT reflow
C_VREG_IN,CL05A105KA5NQNC,1uF,C52923,C52923,CL05A105KA5NQNC,Top SMT reflow
C_VREG_OUT,CL05A105KA5NQNC,1uF,C52923,C52923,CL05A105KA5NQNC,Top SMT reflow
U_FLASH,GD25Q16EEIGR,GD25Q16EEIGR,C2986331,C2986331,GD25Q16EEIGR,Top SMT reflow
C_FLASH,CL05B104KO5NNNC,100nF,C1525,C1525,CL05B104KO5NNNC,Top SMT reflow
R_FLASH_CS,0402WGF1002TCE,10kΩ,C25744,C25744,0402WGF1002TCE,Top SMT reflow
R_BOOT,0402WGF1001TCE,1kΩ,C11702,C11702,0402WGF1001TCE,Top SMT reflow
R_XOUT,0402WGF1001TCE,1kΩ,C11702,C11702,0402WGF1001TCE,Top SMT reflow
R_RUN,0402WGF1002TCE,10kΩ,C25744,C25744,0402WGF1002TCE,Top SMT reflow
R_DM,0402WGF270JTCE,27Ω,C25100,C25100,0402WGF270JTCE,Top SMT reflow
R_DP,0402WGF270JTCE,27Ω,C25100,C25100,0402WGF270JTCE,Top SMT reflow
R_CC1,0603WAF5101T5E,5.1kΩ,C23186,C23186,0603WAF5101T5E,Top SMT reflow
R_USB_SENSE_H,0603WAF1002T5E,10kΩ,C25804,C25804,0603WAF1002T5E,Top SMT reflow
R_USB_SENSE_L,0603WAF1002T5E,10kΩ,C25804,C25804,0603WAF1002T5E,Top SMT reflow
Q_DATA,MMBT3904-7-F,MMBT3904-7-F,C94514,C94514,MMBT3904-7-F,Top SMT reflow
R_VM_H,0603WAF1003T5E,100kΩ,C25803,C25803,0603WAF1003T5E,Top SMT reflow
R_VM_L,0603WAF1002T5E,10kΩ,C25804,C25804,0603WAF1002T5E,Top SMT reflow
U_VM_ISO,SN74CBTLV1G125DCKR,SN74CBTLV1G125DCKR,C131992,C131992,SN74CBTLV1G125DCKR,Top SMT reflow
R_VM_EN,0603WAF1002T5E,10kΩ,C25804,C25804,0603WAF1002T5E,Top SMT reflow
R_VM_BLEED,0603WAF1002T5E,10kΩ,C25804,C25804,0603WAF1002T5E,Top SMT reflow
C_VM_ISO,CL05B104KO5NNNC,100nF,C1525,C1525,CL05B104KO5NNNC,Top SMT reflow
C_VM_SENSE,CL05B103KB5NNNC,10nF,C15195,C15195,CL05B103KB5NNNC,Top SMT reflow
U_BUCK,AP63203WU-7,AP63203WU-7,C780769,C780769,AP63203WU-7,Top SMT reflow
L_BUCK,SRN4018-4R7M,SRN4018-4R7M,C780206,C780206,SRN4018-4R7M,Top SMT reflow
C_BUCK_IN,CL31A106KBHNNNE,10uF,C13585,C13585,CL31A106KBHNNNE,Top SMT reflow
C_BUCK_OUT1,CL21A226MAQNNNE,22uF,C45783,C45783,CL21A226MAQNNNE,Top SMT reflow
C_BUCK_OUT2,CL21A226MAQNNNE,22uF,C45783,C45783,CL21A226MAQNNNE,Top SMT reflow
D_PD,B5819W SL,B5819W SL,C8598,C8598,B5819W SL,Top SMT reflow
D_DATA,B5819W SL,B5819W SL,C8598,C8598,B5819W SL,Top SMT reflow
C_BULK,EEEFPV101XAP,100uF,C178585,C178585,EEEFPV101XAP,Top SMT reflow
R_ENABLE,0603WAF1002T5E,10kΩ,C25804,C25804,0603WAF1002T5E,Top SMT reflow
U_ESD,USBLC6-2SC6,USBLC6-2SC6,C2687116,C2687116,USBLC6-2SC6,Top SMT reflow
D_TVS,SMF18A,SMF18A,C19077512,C19077512,SMF18A,Top SMT reflow
R_CC2,0402WGF5101TCE,5.1kΩ,C25905,C25905,0402WGF5101TCE,Top SMT reflow
R_SLEEP,0603WAF1002T5E,10kΩ,C25804,C25804,0603WAF1002T5E,Top SMT reflow
J_PD,TYPE-C-31-M-12,TYPE-C-31-M-12,C165948,C165948,TYPE-C-31-M-12,Top SMT reflow; shield slots hand solder
J_DATA,TYPE-C-31-M-12,TYPE-C-31-M-12,C165948,C165948,TYPE-C-31-M-12,Top SMT reflow; shield slots hand solder
Y_MCU,ABM8-272-T3,ABM8-272-T3,C20625731,C20625731,ABM8-272-T3,Top SMT reflow
C_XOUT,0402CG150J500NT,15pF,C1548,C1548,0402CG150J500NT,Top SMT reflow
U_DRV,A4988SETTR-T,A4988SETTR-T,C38437,C38437,A4988SETTR-T,Top SMT reflow
C_VCP,CC0603KRX7R9BB104,100nF,C14663,C14663,CC0603KRX7R9BB104,Top SMT reflow
C_VREG,CL10B224KA8NNNC,220nF,C21120,C21120,CL10B224KA8NNNC,Top SMT reflow
C_DRV_LOGIC,CL05B104KO5NNNC,100nF,C1525,C1525,CL05B104KO5NNNC,Top SMT reflow
C_VM,CC0603KRX7R9BB104,100nF,C14663,C14663,CC0603KRX7R9BB104,Top SMT reflow
C_VM2,CC0603KRX7R9BB104,100nF,C14663,C14663,CC0603KRX7R9BB104,Top SMT reflow
R_SA,FRL0805FR240TS,240mΩ,C2930216,C2930216,FRL0805FR240TS,Top SMT reflow
R_SB,FRL0805FR240TS,240mΩ,C2930216,C2930216,FRL0805FR240TS,Top SMT reflow
C_REF,CL10B103KB8NNNC,10nF,C1589,C1589,CL10B103KB8NNNC,Top SMT reflow
J_MOTOR,B4B-PH-K-S(LF)(SN),B4B-PH-K-S(LF)(SN),C131334,C131334,B4B-PH-K-S(LF)(SN),Top-side through-hole; hand solder after reflow
C_XIN,0402CG150J500NT,15pF,C1548,C1548,0402CG150J500NT,Top SMT reflow
C_IO22,CL05B104KO5NNNC,100nF,C1525,C1525,CL05B104KO5NNNC,Top SMT reflow
C_DV23,CL05B104KO5NNNC,100nF,C1525,C1525,CL05B104KO5NNNC,Top SMT reflow
R_REF_L,ERJPA3F1001V,1kΩ,C441922,C441922,ERJPA3F1001V,Top SMT reflow
C_CP,CC0603KRX7R9BB104,100nF,C14663,C14663,CC0603KRX7R9BB104,Top SMT reflow
C_BOOTSTRAP,CL05B104KO5NNNC,100nF,C1525,C1525,CL05B104KO5NNNC,Top SMT reflow
R_REF_H,0603WAF3901T5E,3.9kΩ,C23018,C23018,0603WAF3901T5E,Top SMT reflow
