Via ID,X mm,Y mm,Finished drill mm,Copper diameter mm,Nominal annulus mm,Nominal aspect ratio,Minimum drill-to-top-SMT-land mm,Required process
freerouted_via_5,11.2115,-2.7,0.25,0.5,0.125,6.4,0.2865747999999986,Ordinary plated; >=20um finished barrel Cu; tent both faces; no open drill in SMT/paste; supplier registration/coupon acceptance pending
freerouted_via_7,-1.6591,4.8885,0.25,0.5,0.125,6.4,0.5639844999999999,Ordinary plated; >=20um finished barrel Cu; tent both faces; no open drill in SMT/paste; supplier registration/coupon acceptance pending
freerouted_via_9,-9.2618,2.936,0.25,0.5,0.125,6.4,0.3390046,Ordinary plated; >=20um finished barrel Cu; tent both faces; no open drill in SMT/paste; supplier registration/coupon acceptance pending
freerouted_via_11,-8.5282,5.7085,0.25,0.5,0.125,6.4,0.296680499999999,Ordinary plated; >=20um finished barrel Cu; tent both faces; no open drill in SMT/paste; supplier registration/coupon acceptance pending
freerouted_via_17,7.2175,6.3817,0.25,0.5,0.125,6.4,0.2865845,Ordinary plated; >=20um finished barrel Cu; tent both faces; no open drill in SMT/paste; supplier registration/coupon acceptance pending
freerouted_via_19,3.7665,6.3726,0.25,0.5,0.125,6.4,0.2774844999999999,Ordinary plated; >=20um finished barrel Cu; tent both faces; no open drill in SMT/paste; supplier registration/coupon acceptance pending
freerouted_via_23,11.8847,-6.0,0.25,0.5,0.125,6.4,0.2846945999999999,Ordinary plated; >=20um finished barrel Cu; tent both faces; no open drill in SMT/paste; supplier registration/coupon acceptance pending
freerouted_via_24,10.5278,3.6466,0.25,0.5,0.125,6.4,0.2905983000000009,Ordinary plated; >=20um finished barrel Cu; tent both faces; no open drill in SMT/paste; supplier registration/coupon acceptance pending
freerouted_via_25,-6.5759,4.1851,0.25,0.5,0.125,6.4,0.8056342339720075,Ordinary plated; >=20um finished barrel Cu; tent both faces; no open drill in SMT/paste; supplier registration/coupon acceptance pending
freerouted_via_26,1.9877,-2.1295,0.25,0.5,0.125,6.4,0.4546301000000002,Ordinary plated; >=20um finished barrel Cu; tent both faces; no open drill in SMT/paste; supplier registration/coupon acceptance pending
freerouted_via_27,-14.2892,6.1793,0.25,0.5,0.125,6.4,0.41432910000000156,Ordinary plated; >=20um finished barrel Cu; tent both faces; no open drill in SMT/paste; supplier registration/coupon acceptance pending
freerouted_via_28,-12.5466,0.6538,0.25,0.5,0.125,6.4,0.29679680000000014,Ordinary plated; >=20um finished barrel Cu; tent both faces; no open drill in SMT/paste; supplier registration/coupon acceptance pending
freerouted_via_29,13.4349,-9.0638,0.25,0.5,0.125,6.4,1.200261752228612,Ordinary plated; >=20um finished barrel Cu; tent both faces; no open drill in SMT/paste; supplier registration/coupon acceptance pending
freerouted_via_30,3.8615,-2.4709,0.25,0.5,0.125,6.4,0.40555256924158845,Ordinary plated; >=20um finished barrel Cu; tent both faces; no open drill in SMT/paste; supplier registration/coupon acceptance pending
freerouted_via_31,4.3385,2.5837,0.25,0.5,0.125,6.4,0.2913575000000002,Ordinary plated; >=20um finished barrel Cu; tent both faces; no open drill in SMT/paste; supplier registration/coupon acceptance pending
freerouted_via_34,-0.4711,5.8072,0.25,0.5,0.125,6.4,0.6121980000000001,Ordinary plated; >=20um finished barrel Cu; tent both faces; no open drill in SMT/paste; supplier registration/coupon acceptance pending
freerouted_via_35,9.6466,6.9799,0.25,0.5,0.125,6.4,0.9433005000000013,Ordinary plated; >=20um finished barrel Cu; tent both faces; no open drill in SMT/paste; supplier registration/coupon acceptance pending
freerouted_via_36,13.8693,-0.809,0.25,0.5,0.125,6.4,0.3339967999999999,Ordinary plated; >=20um finished barrel Cu; tent both faces; no open drill in SMT/paste; supplier registration/coupon acceptance pending
freerouted_via_38,0.0197,3.1916,0.25,0.5,0.125,6.4,0.36652920000000044,Ordinary plated; >=20um finished barrel Cu; tent both faces; no open drill in SMT/paste; supplier registration/coupon acceptance pending
freerouted_via_39,8.9876,3.8895,0.25,0.5,0.125,6.4,0.651075666707138,Ordinary plated; >=20um finished barrel Cu; tent both faces; no open drill in SMT/paste; supplier registration/coupon acceptance pending
freerouted_via_40,1.0836,2.4065,0.25,0.5,0.125,6.4,0.4687805933248221,Ordinary plated; >=20um finished barrel Cu; tent both faces; no open drill in SMT/paste; supplier registration/coupon acceptance pending
freerouted_via_41,-4.242,5.4582,0.25,0.5,0.125,6.4,0.31680040000000004,Ordinary plated; >=20um finished barrel Cu; tent both faces; no open drill in SMT/paste; supplier registration/coupon acceptance pending
freerouted_via_42,2.1205,6.9362,0.25,0.5,0.125,6.4,0.8411381266737646,Ordinary plated; >=20um finished barrel Cu; tent both faces; no open drill in SMT/paste; supplier registration/coupon acceptance pending
freerouted_via_43,2.1205,2.5838,0.25,0.5,0.125,6.4,0.291764368678314,Ordinary plated; >=20um finished barrel Cu; tent both faces; no open drill in SMT/paste; supplier registration/coupon acceptance pending
freerouted_via_44,2.5699,2.0111,0.25,0.5,0.125,6.4,0.33597609999999994,Ordinary plated; >=20um finished barrel Cu; tent both faces; no open drill in SMT/paste; supplier registration/coupon acceptance pending
freerouted_via_45,-6.1628,7.1205,0.25,0.5,0.125,6.4,0.5069854574592095,Ordinary plated; >=20um finished barrel Cu; tent both faces; no open drill in SMT/paste; supplier registration/coupon acceptance pending
freerouted_via_46,5.997,2.2571,0.25,0.5,0.125,6.4,0.2779305000000001,Ordinary plated; >=20um finished barrel Cu; tent both faces; no open drill in SMT/paste; supplier registration/coupon acceptance pending
freerouted_via_47,10.2277,1.1511,0.25,0.5,0.125,6.4,0.4772247999999984,Ordinary plated; >=20um finished barrel Cu; tent both faces; no open drill in SMT/paste; supplier registration/coupon acceptance pending
freerouted_via_48,9.443,-3.2612,0.25,0.5,0.125,6.4,0.28599679999999955,Ordinary plated; >=20um finished barrel Cu; tent both faces; no open drill in SMT/paste; supplier registration/coupon acceptance pending
freerouted_via_49,5.7695,0.4123,0.25,0.5,0.125,6.4,0.5115178554445572,Ordinary plated; >=20um finished barrel Cu; tent both faces; no open drill in SMT/paste; supplier registration/coupon acceptance pending
freerouted_via_50,5.9979,1.0699,0.25,0.5,0.125,6.4,0.2770305000000004,Ordinary plated; >=20um finished barrel Cu; tent both faces; no open drill in SMT/paste; supplier registration/coupon acceptance pending
freerouted_via_51,9.2706,-1.2584,0.25,0.5,0.125,6.4,0.6043268000000008,Ordinary plated; >=20um finished barrel Cu; tent both faces; no open drill in SMT/paste; supplier registration/coupon acceptance pending
freerouted_via_52,9.9981,-6.1051,0.25,0.5,0.125,6.4,0.4018945999999985,Ordinary plated; >=20um finished barrel Cu; tent both faces; no open drill in SMT/paste; supplier registration/coupon acceptance pending
freerouted_via_53,5.8257,-1.9327,0.25,0.5,0.125,6.4,0.45016738850969024,Ordinary plated; >=20um finished barrel Cu; tent both faces; no open drill in SMT/paste; supplier registration/coupon acceptance pending
freerouted_via_54,16.0443,-3.2895,0.25,0.5,0.125,6.4,0.28549999999999986,Ordinary plated; >=20um finished barrel Cu; tent both faces; no open drill in SMT/paste; supplier registration/coupon acceptance pending
freerouted_via_55,10.065,-5.1509,0.25,0.5,0.125,6.4,0.3981041880872887,Ordinary plated; >=20um finished barrel Cu; tent both faces; no open drill in SMT/paste; supplier registration/coupon acceptance pending
freerouted_via_56,5.9815,-1.263,0.25,0.5,0.125,6.4,0.29506473647058445,Ordinary plated; >=20um finished barrel Cu; tent both faces; no open drill in SMT/paste; supplier registration/coupon acceptance pending
freerouted_via_57,6.7342,-3.6055,0.25,0.5,0.125,6.4,0.5092562000000012,Ordinary plated; >=20um finished barrel Cu; tent both faces; no open drill in SMT/paste; supplier registration/coupon acceptance pending
freerouted_via_58,9.9983,-6.8696,0.25,0.5,0.125,6.4,0.46669942819319327,Ordinary plated; >=20um finished barrel Cu; tent both faces; no open drill in SMT/paste; supplier registration/coupon acceptance pending
freerouted_via_59,3.1627,-2.4752,0.25,0.5,0.125,6.4,0.3998575,Ordinary plated; >=20um finished barrel Cu; tent both faces; no open drill in SMT/paste; supplier registration/coupon acceptance pending
freerouted_via_60,8.2813,-7.0328,0.25,0.5,0.125,6.4,0.32369800000000026,Ordinary plated; >=20um finished barrel Cu; tent both faces; no open drill in SMT/paste; supplier registration/coupon acceptance pending
freerouted_via_64,1.1384,-1.5382,0.25,0.5,0.125,6.4,0.5866030999999998,Ordinary plated; >=20um finished barrel Cu; tent both faces; no open drill in SMT/paste; supplier registration/coupon acceptance pending
freerouted_via_67,1.0978,-0.1175,0.25,0.5,0.125,6.4,0.5727305000000005,Ordinary plated; >=20um finished barrel Cu; tent both faces; no open drill in SMT/paste; supplier registration/coupon acceptance pending
freerouted_via_71,15.0343,4.6838,0.25,0.5,0.125,6.4,0.28879799999999983,Ordinary plated; >=20um finished barrel Cu; tent both faces; no open drill in SMT/paste; supplier registration/coupon acceptance pending
freerouted_via_72,15.0343,-0.2043,0.25,0.5,0.125,6.4,0.5392247999999995,Ordinary plated; >=20um finished barrel Cu; tent both faces; no open drill in SMT/paste; supplier registration/coupon acceptance pending
freerouted_via_73,9.5839,-2.031,0.25,0.5,0.125,6.4,0.2910268000000009,Ordinary plated; >=20um finished barrel Cu; tent both faces; no open drill in SMT/paste; supplier registration/coupon acceptance pending
freerouted_via_75,11.0,-8.2293,0.25,0.5,0.125,6.4,0.44572319999999976,Ordinary plated; >=20um finished barrel Cu; tent both faces; no open drill in SMT/paste; supplier registration/coupon acceptance pending
freerouted_via_76,-6.722,-2.883,0.25,0.5,0.125,6.4,0.40789710000000046,Ordinary plated; >=20um finished barrel Cu; tent both faces; no open drill in SMT/paste; supplier registration/coupon acceptance pending
supplier_repair_fanout_U_MCU_GPIO7_via0,-0.92494,0.09993,0.25,0.5,0.125,6.4,0.30289655070703836,Ordinary plated; >=20um finished barrel Cu; tent both faces; no open drill in SMT/paste; supplier registration/coupon acceptance pending
supplier_repair_ground_fanout_U_BUCK_GND_via,-7.274959999999998,-4.199895999999999,0.25,0.5,0.125,6.4,0.324994199999999,Ordinary plated; >=20um finished barrel Cu; tent both faces; no open drill in SMT/paste; supplier registration/coupon acceptance pending
supplier_repair_island_net12_2_via0,-7.199999999999999,-3.424999999999999,0.25,0.5,0.125,6.4,0.31229779365716787,Ordinary plated; >=20um finished barrel Cu; tent both faces; no open drill in SMT/paste; supplier registration/coupon acceptance pending
supplier_repair_island_net12_2_via1,-5.35,-2.7749999999999986,0.25,0.5,0.125,6.4,0.29989709999999853,Ordinary plated; >=20um finished barrel Cu; tent both faces; no open drill in SMT/paste; supplier registration/coupon acceptance pending
supplier_repair_island_net13_0_via0,5.200000000000003,2.375,0.25,0.5,0.125,6.4,0.5000575,Ordinary plated; >=20um finished barrel Cu; tent both faces; no open drill in SMT/paste; supplier registration/coupon acceptance pending
supplier_repair_DV23_fanout_C_DV23_pin1_via,3.5548839999999995,-6.125,0.25,0.5,0.125,6.4,0.5200434000000005,Ordinary plated; >=20um finished barrel Cu; tent both faces; no open drill in SMT/paste; supplier registration/coupon acceptance pending
supplier_repair_island_net13_1_via0,11.725000000000001,-1.5249999999999986,0.25,0.5,0.125,6.4,0.350074799999998,Ordinary plated; >=20um finished barrel Cu; tent both faces; no open drill in SMT/paste; supplier registration/coupon acceptance pending
supplier_repair_island_net13_1_via1,10.025000000000002,-8.299999999999999,0.25,0.5,0.125,6.4,0.5821193680385358,Ordinary plated; >=20um finished barrel Cu; tent both faces; no open drill in SMT/paste; supplier registration/coupon acceptance pending
supplier_repair_island_net5_0_via1,15.024999999999999,5.75,0.25,0.5,0.125,6.4,0.3179968000000013,Ordinary plated; >=20um finished barrel Cu; tent both faces; no open drill in SMT/paste; supplier registration/coupon acceptance pending
supplier_repair_island_net34_0_via0,15.675000000000004,4.875,0.25,0.5,0.125,6.4,0.34339829999999955,Ordinary plated; >=20um finished barrel Cu; tent both faces; no open drill in SMT/paste; supplier registration/coupon acceptance pending
engineering_local_IOVDD10_lead_via,1.0,-0.9,0.2,0.4,0.1,8.0,0.49993050000000033,Ordinary plated; >=20um finished barrel Cu; tent both faces; no open drill in SMT/paste; supplier registration/coupon acceptance pending
engineering_local_IOVDD10_cap_via,-1.15,-3.945116,0.2,0.4,0.1,8.0,0.2843999654728554,Ordinary plated; >=20um finished barrel Cu; tent both faces; no open drill in SMT/paste; supplier registration/coupon acceptance pending
engineering_local_IOVDD10_restore_PD_GOOD_via0,-0.875,1.0500000000000007,0.25,0.5,0.125,6.4,0.30005849999999973,Ordinary plated; >=20um finished barrel Cu; tent both faces; no open drill in SMT/paste; supplier registration/coupon acceptance pending
engineering_local_IOVDD10_restore_PD_GOOD_via1,1.4250000000000007,1.2250000000000014,0.25,0.5,0.125,6.4,0.3000030999999992,Ordinary plated; >=20um finished barrel Cu; tent both faces; no open drill in SMT/paste; supplier registration/coupon acceptance pending
supplier_repair_island_net17_1_via0,0.9750000000000014,0.5500000000000007,0.25,0.5,0.125,6.4,0.44993050000000173,Ordinary plated; >=20um finished barrel Cu; tent both faces; no open drill in SMT/paste; supplier registration/coupon acceptance pending
supplier_repair_island_net3_1_via0,-8.625,9.3,0.25,0.5,0.125,6.4,0.30092920000000056,Ordinary plated; >=20um finished barrel Cu; tent both faces; no open drill in SMT/paste; supplier registration/coupon acceptance pending
supplier_repair_island_net8_1_via0,6.875,11.450000000000003,0.25,0.5,0.125,6.4,0.2990734000000028,Ordinary plated; >=20um finished barrel Cu; tent both faces; no open drill in SMT/paste; supplier registration/coupon acceptance pending
supplier_repair_island_net5_2_via0,11.05,9.475000000000001,0.25,0.5,0.125,6.4,0.4796251325280354,Ordinary plated; >=20um finished barrel Cu; tent both faces; no open drill in SMT/paste; supplier registration/coupon acceptance pending
supplier_repair_island_net17_2_via0,-0.75,12.125,0.25,0.5,0.125,6.4,0.3179967999999995,Ordinary plated; >=20um finished barrel Cu; tent both faces; no open drill in SMT/paste; supplier registration/coupon acceptance pending
supplier_repair_island_net4_1_via0,12.450000000000003,7.325000000000003,0.25,0.5,0.125,6.4,0.46011214489939917,Ordinary plated; >=20um finished barrel Cu; tent both faces; no open drill in SMT/paste; supplier registration/coupon acceptance pending
supplier_repair_island_net4_1_via1,9.100000000000001,11.450000000000003,0.25,0.5,0.125,6.4,0.2990353000000035,Ordinary plated; >=20um finished barrel Cu; tent both faces; no open drill in SMT/paste; supplier registration/coupon acceptance pending
supplier_repair_island_net4_2_via0,4.900000000000002,11.450000000000003,0.25,0.5,0.125,6.4,0.2991877367047848,Ordinary plated; >=20um finished barrel Cu; tent both faces; no open drill in SMT/paste; supplier registration/coupon acceptance pending
supplier_repair_island_net12_7_via0,-1.0,7.475000000000001,0.25,0.5,0.125,6.4,0.40499799999999997,Ordinary plated; >=20um finished barrel Cu; tent both faces; no open drill in SMT/paste; supplier registration/coupon acceptance pending
supplier_repair_island_net37_1_via0,-13.149999999999999,16.475,0.25,0.5,0.125,6.4,1.4683983000000023,Ordinary plated; >=20um finished barrel Cu; tent both faces; no open drill in SMT/paste; supplier registration/coupon acceptance pending
supplier_repair_island_net34_1_via0,14.475000000000001,7.400000000000002,0.25,0.5,0.125,6.4,0.3061185421743224,Ordinary plated; >=20um finished barrel Cu; tent both faces; no open drill in SMT/paste; supplier registration/coupon acceptance pending
supplier_repair_island_net13_2_via0,4.825000000000003,8.975000000000001,0.25,0.5,0.125,6.4,0.6258403000000001,Ordinary plated; >=20um finished barrel Cu; tent both faces; no open drill in SMT/paste; supplier registration/coupon acceptance pending
supplier_repair_island_net13_2_via1,6.350000000000001,8.75,0.25,0.5,0.125,6.4,0.5548845,Ordinary plated; >=20um finished barrel Cu; tent both faces; no open drill in SMT/paste; supplier registration/coupon acceptance pending
supplier_repair_island_net28_0_via0,-1.0,8.325000000000003,0.25,0.5,0.125,6.4,0.4049979999999999,Ordinary plated; >=20um finished barrel Cu; tent both faces; no open drill in SMT/paste; supplier registration/coupon acceptance pending
supplier_repair_island_net0_11_via0,2.7117,6.5135,0.25,0.5,0.125,6.4,0.419982761803058,Ordinary plated; >=20um finished barrel Cu; tent both faces; no open drill in SMT/paste; supplier registration/coupon acceptance pending
supplier_repair_island_net0_18_via0,14.350000000000001,-6.85,0.25,0.5,0.125,6.4,0.30220781907255123,Ordinary plated; >=20um finished barrel Cu; tent both faces; no open drill in SMT/paste; supplier registration/coupon acceptance pending
supplier_repair_island_net0_18_via1,12.5,-4.649999999999999,0.25,0.5,0.125,6.4,0.43106603468281457,Ordinary plated; >=20um finished barrel Cu; tent both faces; no open drill in SMT/paste; supplier registration/coupon acceptance pending
supplier_repair_island_net0_21_via0,13.75,-2.7749999999999986,0.25,0.5,0.125,6.4,0.5179967999999988,Ordinary plated; >=20um finished barrel Cu; tent both faces; no open drill in SMT/paste; supplier registration/coupon acceptance pending
supplier_repair_island_net0_22_via0,9.275000000000002,5.725000000000001,0.25,0.5,0.125,6.4,1.3149004999999985,Ordinary plated; >=20um finished barrel Cu; tent both faces; no open drill in SMT/paste; supplier registration/coupon acceptance pending
supplier_repair_island_net0_22_via1,10.275000000000002,7.225000000000001,0.25,0.5,0.125,6.4,0.31884803697696096,Ordinary plated; >=20um finished barrel Cu; tent both faces; no open drill in SMT/paste; supplier registration/coupon acceptance pending
service_usb_return_stitch,6.625,12.5,0.25,0.5,0.125,6.4,1.3490734,Ordinary plated; >=20um finished barrel Cu; tent both faces; no open drill in SMT/paste; supplier registration/coupon acceptance pending
service_qspi_return_stitch,-1,9.425,0.25,0.5,0.125,6.4,0.8424530229767939,Ordinary plated; >=20um finished barrel Cu; tent both faces; no open drill in SMT/paste; supplier registration/coupon acceptance pending
inside_phase_via_A_PLUS,-0.199747,-5.648,0.25,0.5,0.125,6.4,0.12700589999999945,Ordinary plated; >=20um finished barrel Cu; tent both faces; no open drill in SMT/paste; supplier registration/coupon acceptance pending
inside_phase_via_B_PLUS,-1.200507,-5.648,0.25,0.5,0.125,6.4,0.12700590000000034,Ordinary plated; >=20um finished barrel Cu; tent both faces; no open drill in SMT/paste; supplier registration/coupon acceptance pending
inside_phase_via_A_MINUS,1.4,-6.775,0.25,0.5,0.125,6.4,0.31575990301876766,Ordinary plated; >=20um finished barrel Cu; tent both faces; no open drill in SMT/paste; supplier registration/coupon acceptance pending
inside_phase_via_B_MINUS,-3.25,-6.8,0.25,0.5,0.125,6.4,0.28372819999999965,Ordinary plated; >=20um finished barrel Cu; tent both faces; no open drill in SMT/paste; supplier registration/coupon acceptance pending
supplier_repair_island_net48_0_via0,-3.3999999999999986,-12.55,0.25,0.5,0.125,6.4,0.675000900455586,Ordinary plated; >=20um finished barrel Cu; tent both faces; no open drill in SMT/paste; supplier registration/coupon acceptance pending
supplier_repair_island_net48_0_via1,-5.524999999999999,-13.55,0.25,0.5,0.125,6.4,0.3000008999999979,Ordinary plated; >=20um finished barrel Cu; tent both faces; no open drill in SMT/paste; supplier registration/coupon acceptance pending
supplier_repair_island_net17_17_via0,1.375,-11.35,0.25,0.5,0.125,6.4,0.3089822000000009,Ordinary plated; >=20um finished barrel Cu; tent both faces; no open drill in SMT/paste; supplier registration/coupon acceptance pending
inside_ref_escape_via,2.9,-9.35,0.25,0.5,0.125,6.4,0.45566043210891133,Ordinary plated; >=20um finished barrel Cu; tent both faces; no open drill in SMT/paste; supplier registration/coupon acceptance pending
inside_signal_escape_DIR_via,2.6,-8.1,0.2,0.4,0.1,8.0,0.27127206289251365,Ordinary plated; >=20um finished barrel Cu; tent both faces; no open drill in SMT/paste; supplier registration/coupon acceptance pending
supplier_repair_island_net12_12_via0,-5.35,-11.399999999999999,0.25,0.5,0.125,6.4,0.30510185161638115,Ordinary plated; >=20um finished barrel Cu; tent both faces; no open drill in SMT/paste; supplier registration/coupon acceptance pending
supplier_repair_island_net12_12_via1,-1.9749999999999996,-12.175,0.25,0.5,0.125,6.4,0.29752148264731315,Ordinary plated; >=20um finished barrel Cu; tent both faces; no open drill in SMT/paste; supplier registration/coupon acceptance pending
supplier_repair_island_net12_16_via1,2.525000000000002,-12.1,0.25,0.5,0.125,6.4,0.28895245100165545,Ordinary plated; >=20um finished barrel Cu; tent both faces; no open drill in SMT/paste; supplier registration/coupon acceptance pending
inside_power_escape_U_DRV_VBB1_via,2.55,-5.95,0.25,0.5,0.125,6.4,0.654998,Ordinary plated; >=20um finished barrel Cu; tent both faces; no open drill in SMT/paste; supplier registration/coupon acceptance pending
inside_power_escape_U_DRV_VBB2_via,-2.8,-5.9,0.25,0.5,0.125,6.4,0.3498970182590023,Ordinary plated; >=20um finished barrel Cu; tent both faces; no open drill in SMT/paste; supplier registration/coupon acceptance pending
inside_power_escape_C_VM_pin1_via,-4.65,-7.9,0.25,0.5,0.125,6.4,0.27497680000000013,Ordinary plated; >=20um finished barrel Cu; tent both faces; no open drill in SMT/paste; supplier registration/coupon acceptance pending
inside_logic_escape_R_REF_H_pin1_via,-3.6,-5.45,0.25,0.5,0.125,6.4,0.1464972063337213,Ordinary plated; >=20um finished barrel Cu; tent both faces; no open drill in SMT/paste; supplier registration/coupon acceptance pending
inside_signal_escape_ENABLE_N_via,-3.9,-7.87,0.25,0.5,0.125,6.4,0.1255727044880689,Ordinary plated; >=20um finished barrel Cu; tent both faces; no open drill in SMT/paste; supplier registration/coupon acceptance pending
supplier_repair_island_net49_2_via0,7.5,-14.725,0.25,0.5,0.125,6.4,0.3000009000000005,Ordinary plated; >=20um finished barrel Cu; tent both faces; no open drill in SMT/paste; supplier registration/coupon acceptance pending
inside_mcu_escape_XIN_via,2.8,-4.15,0.25,0.5,0.125,6.4,0.17493150000000002,Ordinary plated; >=20um finished barrel Cu; tent both faces; no open drill in SMT/paste; supplier registration/coupon acceptance pending
supplier_repair_island_net35_1_via0,6.050000000000001,-7.299999999999999,0.25,0.5,0.125,6.4,0.3051885237536124,Ordinary plated; >=20um finished barrel Cu; tent both faces; no open drill in SMT/paste; supplier registration/coupon acceptance pending
supplier_repair_island_net35_1_via1,8.325000000000003,-8.475,0.25,0.5,0.125,6.4,0.3019432071369421,Ordinary plated; >=20um finished barrel Cu; tent both faces; no open drill in SMT/paste; supplier registration/coupon acceptance pending
supplier_repair_island_net0_26x_via0,-2.3249999999999993,-2.9499999999999993,0.25,0.5,0.125,6.4,0.49180674928450274,Ordinary plated; >=20um finished barrel Cu; tent both faces; no open drill in SMT/paste; supplier registration/coupon acceptance pending
supplier_repair_island_net16_0_via0,-3.3999999999999986,-1.875,0.25,0.5,0.125,6.4,0.3298844999999999,Ordinary plated; >=20um finished barrel Cu; tent both faces; no open drill in SMT/paste; supplier registration/coupon acceptance pending
supplier_repair_island_net0_26xx_via0,-3.25,0.1750000000000007,0.25,0.5,0.125,6.4,0.3179968000000006,Ordinary plated; >=20um finished barrel Cu; tent both faces; no open drill in SMT/paste; supplier registration/coupon acceptance pending
outer_usb_power_pin_escape_VBUS1_via,-9.4001603,9.1258263,0.25,0.5,0.125,6.4,0.47501400000000155,Ordinary plated; >=20um finished barrel Cu; tent both faces; no open drill in SMT/paste; supplier registration/coupon acceptance pending
inside_sense_escape_SENSE1_via,0.5,-5.5,0.25,0.5,0.125,6.4,0.31065143735956396,Ordinary plated; >=20um finished barrel Cu; tent both faces; no open drill in SMT/paste; supplier registration/coupon acceptance pending
inside_sense_escape_SENSE2_via,-2.4,-3.65,0.25,0.5,0.125,6.4,0.4049980000000004,Ordinary plated; >=20um finished barrel Cu; tent both faces; no open drill in SMT/paste; supplier registration/coupon acceptance pending
outer_pd_remote_bridge_via,-10.200016,1.7999999999999998,0.25,0.5,0.125,6.4,0.5750013000000003,Ordinary plated; >=20um finished barrel Cu; tent both faces; no open drill in SMT/paste; supplier registration/coupon acceptance pending
outer_native_escape_C_VM2_pin1_via,10.1,-10.16,0.25,0.5,0.125,6.4,0.32911335299358213,Ordinary plated; >=20um finished barrel Cu; tent both faces; no open drill in SMT/paste; supplier registration/coupon acceptance pending
supplier_repair_island_net1_8_via0,-2.5749999999999993,0.5500000000000007,0.25,0.5,0.125,6.4,0.696442624365326,Ordinary plated; >=20um finished barrel Cu; tent both faces; no open drill in SMT/paste; supplier registration/coupon acceptance pending
supplier_repair_island_net1_9_via0,-10.825,13.525000000000002,0.25,0.5,0.125,6.4,2.3952314574078875,Ordinary plated; >=20um finished barrel Cu; tent both faces; no open drill in SMT/paste; supplier registration/coupon acceptance pending
supplier_repair_island_net1_9_via1,-16.6,15.550000000000004,0.25,0.5,0.125,6.4,0.29299679999999384,Ordinary plated; >=20um finished barrel Cu; tent both faces; no open drill in SMT/paste; supplier registration/coupon acceptance pending
supplier_repair_island_net50_0_via1,0.07499999999999929,-12.175,0.25,0.5,0.125,6.4,0.297268733117778,Ordinary plated; >=20um finished barrel Cu; tent both faces; no open drill in SMT/paste; supplier registration/coupon acceptance pending
supplier_repair_island_net26_1x_via0,3.5,-6.799999999999999,0.25,0.5,0.125,6.4,0.5055985919552337,Ordinary plated; >=20um finished barrel Cu; tent both faces; no open drill in SMT/paste; supplier registration/coupon acceptance pending
supplier_repair_island_net49_1x_via0,-0.375,-4.0,0.2,0.4,0.1,8.0,0.2679968000000006,Ordinary plated; >=20um finished barrel Cu; tent both faces; no open drill in SMT/paste; supplier registration/coupon acceptance pending
supplier_repair_island_net2_0_via0,-5.549999999999999,11.450000000000003,0.25,0.5,0.125,6.4,0.30202098920339393,Ordinary plated; >=20um finished barrel Cu; tent both faces; no open drill in SMT/paste; supplier registration/coupon acceptance pending
supplier_repair_island_net16_0x_via0,-3.875,-2.2749999999999986,0.2,0.4,0.1,8.0,0.30870751025512505,Ordinary plated; >=20um finished barrel Cu; tent both faces; no open drill in SMT/paste; supplier registration/coupon acceptance pending
supplier_repair_island_net12_4_via0,7.100000000000001,4.200000000000003,0.25,0.5,0.125,6.4,0.30488449999999645,Ordinary plated; >=20um finished barrel Cu; tent both faces; no open drill in SMT/paste; supplier registration/coupon acceptance pending
supplier_repair_island_net12_8_via0,-1.7249999999999996,0.15000000000000213,0.25,0.5,0.125,6.4,0.2929968000000022,Ordinary plated; >=20um finished barrel Cu; tent both faces; no open drill in SMT/paste; supplier registration/coupon acceptance pending
supplier_repair_island_net12_17_via0,-7.574999999999999,-13.125,0.25,0.5,0.125,6.4,0.9249949999999991,Ordinary plated; >=20um finished barrel Cu; tent both faces; no open drill in SMT/paste; supplier registration/coupon acceptance pending
supplier_repair_island_net12_17_via1,-7.949999999999999,-14.4,0.25,0.5,0.125,6.4,0.2999949999999991,Ordinary plated; >=20um finished barrel Cu; tent both faces; no open drill in SMT/paste; supplier registration/coupon acceptance pending
outer_native_escape_C_IO22_pin1_via,1.97,-5.45,0.2,0.4,0.1,8.0,0.28176283025809123,Ordinary plated; >=20um finished barrel Cu; tent both faces; no open drill in SMT/paste; supplier registration/coupon acceptance pending
outer_native_escape_U_DRV_VDD_via,2.425,-10.351013,0.2,0.4,0.1,8.0,0.07500590000000118,IPC4761 TypeVI nonconductive resin filled and solder-mask covered both faces; drill outside SMT/paste; cap copper not required; >=20um barrel Cu; supplier acceptance/coupon inspection pending
outer_native_escape_U_DRV_STEP_via,2.925,-10.025,0.2,0.4,0.1,8.0,0.5087344000000003,Ordinary plated; >=20um finished barrel Cu; tent both faces; no open drill in SMT/paste; supplier registration/coupon acceptance pending
supplier_repair_island_net0_24x_via0,6.000075,-6.6520526594254905,0.2,0.4,0.1,8.0,0.30000040000000094,Ordinary plated; >=20um finished barrel Cu; tent both faces; no open drill in SMT/paste; supplier registration/coupon acceptance pending
outer_native_escape_R_REF_L_pin2_via,0.425,-4.1,0.2,0.4,0.1,8.0,0.2716473454330973,Ordinary plated; >=20um finished barrel Cu; tent both faces; no open drill in SMT/paste; supplier registration/coupon acceptance pending
outer_native_escape_C_XIN_pin2_via,3.65,-7.675,0.2,0.4,0.1,8.0,0.07999799999999979,IPC4761 TypeVI nonconductive resin filled and solder-mask covered both faces; drill outside SMT/paste; cap copper not required; >=20um barrel Cu; supplier acceptance/coupon inspection pending
outer_native_escape_C_IO22_pin2_via,3.5,-5.35,0.2,0.4,0.1,8.0,0.07999799999999979,IPC4761 TypeVI nonconductive resin filled and solder-mask covered both faces; drill outside SMT/paste; cap copper not required; >=20um barrel Cu; supplier acceptance/coupon inspection pending
supplier_repair_island_net15_0_via0,4.200000000000003,-1.9499999999999993,0.2,0.4,0.1,8.0,0.30013009999999923,Ordinary plated; >=20um finished barrel Cu; tent both faces; no open drill in SMT/paste; supplier registration/coupon acceptance pending
supplier_repair_island_net15_0_via1,6.775000000000002,-5.449999999999999,0.2,0.4,0.1,8.0,0.28082293857779644,Ordinary plated; >=20um finished barrel Cu; tent both faces; no open drill in SMT/paste; supplier registration/coupon acceptance pending
supplier_repair_island_net1_9x_via0,6.175000000000001,-13.425,0.25,0.5,0.125,6.4,1.911494899999999,Ordinary plated; >=20um finished barrel Cu; tent both faces; no open drill in SMT/paste; supplier registration/coupon acceptance pending
supplier_repair_island_net51_0_via0,7.625,-11.05,0.25,0.5,0.125,6.4,0.31500090000000114,Ordinary plated; >=20um finished barrel Cu; tent both faces; no open drill in SMT/paste; supplier registration/coupon acceptance pending
supplier_repair_island_net38_0_via0,-5.274999999999999,-7.85,0.2,0.4,0.1,8.0,0.29129202108566243,Ordinary plated; >=20um finished barrel Cu; tent both faces; no open drill in SMT/paste; supplier registration/coupon acceptance pending
supplier_repair_island_net0_25x_via0,2.0190248557617125,-13.11226879844344,0.2,0.4,0.1,8.0,1.4255981210298185,Ordinary plated; >=20um finished barrel Cu; tent both faces; no open drill in SMT/paste; supplier registration/coupon acceptance pending
supplier_repair_island_net0_26xxx_via0,-4.683178678609426,-6.300025,0.2,0.4,0.1,8.0,0.10004979999999986,IPC4761 TypeVI nonconductive resin filled and solder-mask covered both faces; drill outside SMT/paste; cap copper not required; >=20um barrel Cu; supplier acceptance/coupon inspection pending
