"Designator","Comment","Value","Footprint","JLCPCB Part #"
"J_PD","","C165948","C165948","C165948"
"J_DATA","","C165948","C165948","C165948"
"U_PD","","C970725","C970725","C970725"
"R_PD","1k","1k","C441922","C441922"
"C_PD","1u","1u","C15849","C15849"
"R_PG","10k","10k","C25804","C25804"
"U_MCU","","C2040","C2040","C2040"
"C_IO1","100n","100n","C1525","C1525"
"C_IO10","100n","100n","C1525","C1525"
"C_IO22","100n","100n","C1525","C1525"
"C_IO33","100n","100n","C1525","C1525"
"C_IO42","100n","100n","C1525","C1525"
"C_IO49","100n","100n","C1525","C1525"
"C_DV23","100n","100n","C1525","C1525"
"C_DV50","100n","100n","C1525","C1525"
"C_USB","100n","100n","C1525","C1525"
"C_ADC","100n","100n","C1525","C1525"
"C_VREG_IN","1u","1u","C52923","C52923"
"C_VREG_OUT","1u","1u","C52923","C52923"
"U_FLASH","","C2986331","C2986331","C2986331"
"C_FLASH","100n","100n","C1525","C1525"
"R_FLASH_CS","10k","10k","C25744","C25744"
"R_BOOT","1k","1k","C11702","C11702"
"J_BOOT","",""," ",
"Y_MCU","","C20625731","C20625731","C20625731"
"R_XOUT","1k","1k","C11702","C11702"
"C_XIN","15p","15p","C1548","C1548"
"C_XOUT","15p","15p","C1548","C1548"
"R_RUN","10k","10k","C25744","C25744"
"R_DM","27","27","C25100","C25100"
"R_DP","27","27","C25100","C25100"
"R_CC1","5.1k","5.1k","C23186","C23186"
"R_CC2","5.1k","5.1k","C25905","C25905"
"R_USB_SENSE_H","100k","100k","C25803","C25803"
"R_USB_SENSE_L","100k","100k","C25803","C25803"
"R_VM_H","100k","100k","C25803","C25803"
"R_VM_L","10k","10k","C25804","C25804"
"C_VM_SENSE","10n","10n","C15195","C15195"
"U_BUCK","","C780769","C780769","C780769"
"L_BUCK","","C780206","C780206","C780206"
"C_BOOTSTRAP","100n","100n","C1525","C1525"
"C_BUCK_IN","10u","10u","C13585","C13585"
"C_BUCK_OUT1","22u","22u","C45783","C45783"
"C_BUCK_OUT2","22u","22u","C45783","C45783"
"D_PD","","C8598","C8598","C8598"
"D_DATA","","C8598","C8598","C8598"
"U_DRV","","C38437","C38437","C38437"
"C_CP","100n","100n","C14663","C14663"
"C_VCP","100n","100n","C14663","C14663"
"C_VREG","220n","220n","C21120","C21120"
"C_DRV_LOGIC","100n","100n","C14663","C14663"
"C_VM","100n","100n","C49678","C49678"
"C_BULK","47u","47u","C72522","C72522"
"R_SA","240m","240m","C2930216","C2930216"
"R_SB","240m","240m","C2930216","C2930216"
"R_REF_H","39k","39k","C23153","C23153"
"R_REF_L","10k","10k","C25804","C25804"
"C_REF","10n","10n","C1589","C1589"
"R_ENABLE","100k","100k","C25741","C25741"
"R_SLEEP","100k","100k","C25803","C25803"
"J_MOTOR","",""," ",
"J_DEBUG","",""," ",
"U_ESD","","C2687116","C2687116","C2687116"
"D_TVS","","C19077512","C19077512","C19077512"