Designator,Mid X,Mid Y,Layer,Rotation
J_PD,-12.575,4.500,top,270
J_DATA,12.575,4.500,top,90
U_PD,-3.400,8.200,top,270
R_PD,-8.500,11.700,top,0
C_PD,-5.500,11.700,top,0
R_PG,-0.500,11.800,top,0
U_MCU,3.400,0.000,top,0
C_IO1,-0.300,4.800,top,180
C_IO10,-4.100,-1.200,top,90
C_IO22,4.000,-5.400,top,270
C_IO33,8.250,-1.200,top,90
C_IO42,8.250,2.600,top,90
C_IO49,3.500,5.300,top,90
C_DV23,5.200,-5.400,top,90
C_DV50,2.400,5.300,top,90
C_USB,4.300,7.400,top,90
C_ADC,7.100,5.300,top,90
C_VREG_IN,6.500,7.400,top,90
C_VREG_OUT,5.400,7.400,top,90
U_FLASH,2.000,8.600,top,0
C_FLASH,2.000,11.400,top,0
R_FLASH_CS,2.000,12.600,top,0
R_BOOT,5.500,12.900,top,0
J_BOOT,8.200,15.500,top,0
Y_MCU,1.100,-6.160,top,0
R_XOUT,4.300,-7.000,top,0
C_XIN,-1.550,-7.000,top,90
C_XOUT,5.500,-8.500,top,90
R_RUN,6.900,-5.500,top,90
R_DM,5.900,5.300,top,90
R_DP,4.700,5.300,top,90
R_CC1,8.800,12.000,top,0
R_CC2,13.000,16.400,top,0
R_USB_SENSE_H,4.700,15.700,top,0
R_USB_SENSE_L,14.700,-1.650,top,0
R_VM_H,-0.500,14.000,top,0
R_VM_L,3.000,14.100,top,0
C_VM_SENSE,12.000,-3.800,top,0
U_BUCK,-6.600,-2.850,top,180
L_BUCK,-6.000,-7.250,top,0
C_BOOTSTRAP,-4.200,-3.300,top,90
C_BUCK_IN,-7.800,1.900,top,90
C_BUCK_OUT1,-6.400,-10.600,top,0
C_BUCK_OUT2,-8.000,-12.700,top,0
D_PD,-4.000,3.800,top,0
D_DATA,-4.000,1.000,top,0
U_DRV,0.000,-11.500,top,270
C_CP,-4.600,-12.300,top,0
C_VCP,-7.100,-16.500,top,0
C_VREG,-5.000,-14.800,top,90
C_DRV_LOGIC,4.900,-10.200,top,0
C_VM,-2.600,-3.900,top,90
C_BULK,-12.050,-5.400,top,90
R_SA,6.800,-12.800,top,90
R_SB,-8.000,-14.700,top,0
R_REF_H,10.900,-5.500,top,0
R_REF_L,11.500,-8.200,top,0
C_REF,8.700,-10.000,top,0
R_ENABLE,-1.900,-0.700,top,180
R_SLEEP,-6.000,13.500,top,0
J_MOTOR,0.000,-16.000,top,0
J_DEBUG,15.500,-6.300,top,90
U_ESD,5.300,10.500,top,270
D_TVS,-7.000,15.600,top,180