Reference,MPN,JLCPCB,Native CPL X mm,Native CPL Y mm,Native rotation deg,Side,Pin1 X mm,Pin1 Y mm,Process,Supplier pickup/rotation verification
U_PD,CH224K,C970725,-12.7,5.7,270,top,-15.700121,7.6999960000000005,Top SMT,PENDING supplier preview; no assumed transform
R_PD,ERJPA3F1001V,C441922,-13.3,-0.2,0,top,-14.053364,-0.2,Top SMT,PENDING supplier preview; no assumed transform
C_PD,CL10A105KB8NNNC,C15849,-10.5,-0.20000000000000004,0,top,-11.200023999999999,-0.2,Top SMT,PENDING supplier preview; no assumed transform
R_PG,0603WAF1002T5E,C25804,-7.9,4.1,90,top,-7.9,3.3466359999999997,Top SMT,PENDING supplier preview; no assumed transform
U_MCU,RP2040,C2040,3.4,0,0,top,-0.02493600000000029,2.600071,Top SMT,PENDING supplier preview; no assumed transform
C_IO1,CL05B104KO5NNNC,C1525,-0.3,4.8,180,top,0.120116,4.8,Top SMT,PENDING supplier preview; no assumed transform
C_IO10,CL05B104KO5NNNC,C1525,-1.4,-2.5,90,top,-1.4,-2.920116,Top SMT,PENDING supplier preview; no assumed transform
C_IO33,CL05B104KO5NNNC,C1525,8.25,-1.3,90,top,8.25,-1.720116,Top SMT,PENDING supplier preview; no assumed transform
C_IO42,CL05B104KO5NNNC,C1525,8.25,2.6,90,top,8.25,2.179884,Top SMT,PENDING supplier preview; no assumed transform
C_IO49,CL05B104KO5NNNC,C1525,3.5,5.3,90,top,3.5,4.879884,Top SMT,PENDING supplier preview; no assumed transform
C_DV50,CL05B104KO5NNNC,C1525,2.4,5.3,90,top,2.4,4.879884,Top SMT,PENDING supplier preview; no assumed transform
C_USB,CL05B104KO5NNNC,C1525,4.3,7.4,90,top,4.3,6.979884,Top SMT,PENDING supplier preview; no assumed transform
C_ADC,CL05B104KO5NNNC,C1525,7.1,5.3,90,top,7.1,4.879884,Top SMT,PENDING supplier preview; no assumed transform
C_VREG_IN,CL05A105KA5NQNC,C52923,6.5,7.4,90,top,6.5,6.979884,Top SMT,PENDING supplier preview; no assumed transform
C_VREG_OUT,CL05A105KA5NQNC,C52923,5.4,7.4,90,top,5.4,6.979884,Top SMT,PENDING supplier preview; no assumed transform
U_FLASH,GD25Q16EEIGR,C2986331,-4.5,6.1,0,top,-5.25003025,4.626799999999999,Top SMT,PENDING supplier preview; no assumed transform
C_FLASH,CL05B104KO5NNNC,C1525,-7,8,0,top,-7.420116,8,Top SMT,PENDING supplier preview; no assumed transform
R_FLASH_CS,0402WGF1002TCE,C25744,-1.8,7.9,90,top,-1.8,7.4671840000000005,Top SMT,PENDING supplier preview; no assumed transform
R_BOOT,0402WGF1001TCE,C11702,14.7,4,0,top,14.267183999999999,4,Top SMT,PENDING supplier preview; no assumed transform
R_XOUT,0402WGF1001TCE,C11702,9,-6.6,90,top,9,-7.0328159999999995,Top SMT,PENDING supplier preview; no assumed transform
R_RUN,0402WGF1002TCE,C25744,6.9,-4.8,0,top,6.4671840000000005,-4.8,Top SMT,PENDING supplier preview; no assumed transform
R_DM,0402WGF270JTCE,C25100,5.9,5.3,90,top,5.9,4.867184,Top SMT,PENDING supplier preview; no assumed transform
R_DP,0402WGF270JTCE,C25100,4.7,5.3,90,top,4.7,4.867184,Top SMT,PENDING supplier preview; no assumed transform
R_CC1,0603WAF5101T5E,C23186,15.899999999999999,6.5,90,top,15.9,5.746636,Top SMT,PENDING supplier preview; no assumed transform
R_USB_SENSE_H,0603WAF1002T5E,C25804,12.1,3.7,0,top,11.346636,3.7,Top SMT,PENDING supplier preview; no assumed transform
R_USB_SENSE_L,0603WAF1002T5E,C25804,15.899999999999999,1.8,90,top,15.9,1.046636,Top SMT,PENDING supplier preview; no assumed transform
Q_DATA,MMBT3904-7-F,C94514,12.6,0.9000000000000001,0,top,13.835075,-0.049960000000000004,Top SMT,PENDING supplier preview; no assumed transform
R_VM_H,0603WAF1003T5E,C25803,-15.899999999999999,16.4,0,top,-16.653364,16.4,Top SMT,PENDING supplier preview; no assumed transform
R_VM_L,0603WAF1002T5E,C25804,14.7,-1.6999999999999997,0,top,13.946636,-1.7,Top SMT,PENDING supplier preview; no assumed transform
U_VM_ISO,SN74CBTLV1G125DCKR,C131992,11.5,-2.05,0,top,10.399926,-1.4000139999999999,Top SMT,PENDING supplier preview; no assumed transform
R_VM_EN,0603WAF1002T5E,C25804,8.6,-3.8,90,top,8.6,-4.553364,Top SMT,PENDING supplier preview; no assumed transform
R_VM_BLEED,0603WAF1002T5E,C25804,10.8,-4.1,0,top,10.046636000000001,-4.1,Top SMT,PENDING supplier preview; no assumed transform
C_VM_ISO,CL05B104KO5NNNC,C1525,8.25,0.6000000000000001,90,top,8.25,0.179884,Top SMT,PENDING supplier preview; no assumed transform
C_VM_SENSE,CL05B103KB5NNNC,C15195,13.7,-4.1,0,top,13.279884,-4.1,Top SMT,PENDING supplier preview; no assumed transform
U_BUCK,AP63203WU-7,C780769,-5.6,-3.0000000000000004,180,top,-4.65004,-1.8001040000000001,Top SMT,PENDING supplier preview; no assumed transform
L_BUCK,SRN4018-4R7M,C780206,-7.8,-7.4,180,top,-6.399952,-7.4,Top SMT,PENDING supplier preview; no assumed transform
C_BUCK_IN,CL31A106KBHNNNE,C13585,-6.4,0.14999999999999997,0,top,-7.99258,0.15,Top SMT,PENDING supplier preview; no assumed transform
C_BUCK_OUT1,CL21A226MAQNNNE,C45783,-7.9,-11.4,180,top,-6.900002000000001,-11.4,Top SMT,PENDING supplier preview; no assumed transform
C_BUCK_OUT2,CL21A226MAQNNNE,C45783,-8.25,-15.5,180,top,-7.250002,-15.5,Top SMT,PENDING supplier preview; no assumed transform
D_PD,B5819W SL,C8598,-4,2.6,0,top,-5.700022,2.6,Top SMT,PENDING supplier preview; no assumed transform
D_DATA,B5819W SL,C8598,11,-7.7,90,top,11,-9.400022,Top SMT,PENDING supplier preview; no assumed transform
C_BULK,EEEFPV101XAP,C178585,-13.75,-5.6,90,top,-13.75,-8.270048,Top SMT,PENDING supplier preview; no assumed transform
R_ENABLE,0603WAF1002T5E,C25804,-2.3,-0.7,180,top,-1.546636,-0.7000000000000001,Top SMT,PENDING supplier preview; no assumed transform
U_ESD,USBLC6-2SC6,C2687116,12.4,6.9,270,top,11.250904,7.84996,Top SMT,PENDING supplier preview; no assumed transform
D_TVS,SMF18A,C19077512,-13.2,1.8,180,top,-14.849984,1.8000000000000003,Top SMT,PENDING supplier preview; no assumed transform
R_CC2,0402WGF5101TCE,C25905,13.5,16.4,0,top,13.067184,16.4,Top SMT,PENDING supplier preview; no assumed transform
R_SLEEP,0603WAF1002T5E,C25804,0,13,0,top,-0.753364,13,Top SMT,PENDING supplier preview; no assumed transform
J_PD,TYPE-C-31-M-12,C165948,-7,12.975014650000002,180,top,-11.325112,11.1442779,Top SMT,PENDING supplier preview; no assumed transform
J_DATA,TYPE-C-31-M-12,C165948,7,12.975014650000002,180,top,2.674888,11.1442779,Top SMT,PENDING supplier preview; no assumed transform
Y_MCU,ABM8-272-T3,C20625731,6,-7.299999999999999,0,top,4.899926,-8.150011,Top SMT,PENDING supplier preview; no assumed transform
C_XOUT,0402CG150J500NT,C1548,9,-8.51,270,top,9,-8.089884,Top SMT,PENDING supplier preview; no assumed transform
U_DRV,A4988SETTR-T,C38437,-0.6999999999999997,-8.85,270,top,-3.1999949999999995,-7.348732999999999,Top SMT,PENDING supplier preview; no assumed transform
C_VCP,CC0603KRX7R9BB104,C14663,-4.9,-15,180,top,-4.199976,-15,Top SMT,PENDING supplier preview; no assumed transform
C_VREG,CL10B224KA8NNNC,C21120,-4.65,-12.85,90,top,-4.65,-13.550024,Top SMT,PENDING supplier preview; no assumed transform
C_DRV_LOGIC,CL05B104KO5NNNC,C1525,3.5,-11.55,0,top,3.079884,-11.55,Top SMT,PENDING supplier preview; no assumed transform
C_VM,CC0603KRX7R9BB104,C14663,-4.65,-6.4,90,top,-4.65,-7.100024,Top SMT,PENDING supplier preview; no assumed transform
C_VM2,CC0603KRX7R9BB104,C14663,8.35,-10.16,180,top,9.050024,-10.16,Top SMT,PENDING supplier preview; no assumed transform
R_SA,FRL0805FR240TS,C2930216,5.1,-10.05,0,top,4.100002,-10.05,Top SMT,PENDING supplier preview; no assumed transform
R_SB,FRL0805FR240TS,C2930216,8.9,-12.8,90,top,8.9,-13.799998,Top SMT,PENDING supplier preview; no assumed transform
C_REF,CL10B103KB8NNNC,C1589,8.6,-15.600000000000001,0,top,7.899976,-15.6,Top SMT,PENDING supplier preview; no assumed transform
J_MOTOR,B4B-PH-K-S(LF)(SN),C131334,1.7,-14.1,0,top,-1.3,-14.1,Manual THT,PENDING supplier preview; no assumed transform
C_XIN,0402CG150J500NT,C1548,3.2,-8.1,90,top,3.2,-8.520116,Top SMT,PENDING supplier preview; no assumed transform
C_IO22,CL05B104KO5NNNC,C1525,2.9,-4.9,0,top,2.4798839999999998,-4.9,Top SMT,PENDING supplier preview; no assumed transform
C_DV23,CL05B104KO5NNNC,C1525,4.8,-4.9,0,top,4.379884,-4.9,Top SMT,PENDING supplier preview; no assumed transform
R_REF_L,ERJPA3F1001V,C441922,0.5,-4.8,0,top,-0.25336400000000003,-4.8,Top SMT,PENDING supplier preview; no assumed transform
C_CP,CC0603KRX7R9BB104,C14663,-4.65,-9.6,270,top,-4.65,-8.899975999999999,Top SMT,PENDING supplier preview; no assumed transform
C_BOOTSTRAP,CL05B104KO5NNNC,C1525,-3.2,-3,90,top,-3.2,-3.420116,Top SMT,PENDING supplier preview; no assumed transform
R_REF_H,0603WAF3901T5E,C23018,-2.4,-4.75,0,top,-3.153364,-4.75,Top SMT,PENDING supplier preview; no assumed transform
