Designator,Mid X,Mid Y,Layer,Rotation
U_PD,-12.700,5.700,top,270
R_PD,-13.300,-0.200,top,0
C_PD,-10.500,-0.200,top,0
R_PG,-7.900,4.100,top,90
U_MCU,3.400,0.000,top,0
C_IO1,-0.300,4.800,top,180
C_IO10,-1.400,-2.500,top,90
C_IO22,2.600,-4.900,top,0
C_IO33,8.250,-1.300,top,90
C_IO42,8.250,2.600,top,90
C_IO49,3.500,5.300,top,90
C_DV23,4.600,-4.900,top,0
C_DV50,2.400,5.300,top,90
C_USB,4.300,7.400,top,90
C_ADC,7.100,5.300,top,90
C_VREG_IN,6.500,7.400,top,90
C_VREG_OUT,5.400,7.400,top,90
U_FLASH,-4.500,6.100,top,0
C_FLASH,-7.000,8.000,top,0
R_FLASH_CS,-1.800,7.900,top,90
R_BOOT,14.700,4.000,top,0
Y_MCU,6.000,-7.400,top,0
R_XOUT,9.000,-6.600,top,90
C_XIN,3.150,-8.500,top,90
C_XOUT,9.000,-8.700,top,90
R_RUN,6.900,-4.800,top,0
R_DM,5.900,5.300,top,90
R_DP,4.700,5.300,top,90
R_CC1,15.900,6.500,top,90
R_USB_SENSE_H,12.100,3.700,top,0
R_USB_SENSE_L,15.900,1.800,top,90
Q_DATA,12.600,0.900,top,0
R_VM_H,-15.900,16.400,top,0
R_VM_L,14.700,-1.700,top,0
U_VM_ISO,11.500,-2.050,top,0
R_VM_EN,8.600,-3.800,top,90
R_VM_BLEED,10.800,-4.100,top,0
C_VM_ISO,8.250,0.600,top,90
C_VM_SENSE,13.700,-4.100,top,0
U_BUCK,-5.600,-3.000,top,180
L_BUCK,-7.800,-7.400,top,180
C_BOOTSTRAP,-3.200,-3.000,top,90
C_BUCK_IN,-6.400,0.150,top,0
C_BUCK_OUT1,-7.900,-11.400,top,180
C_BUCK_OUT2,-8.250,-15.500,top,180
D_PD,-4.000,2.600,top,0
D_DATA,11.000,-7.700,top,90
U_DRV,-0.700,-11.200,top,270
C_CP,-5.100,-11.400,top,270
C_VCP,-5.400,-13.500,top,180
C_VREG,-5.100,-15.800,top,90
C_DRV_LOGIC,4.000,-13.000,top,180
C_VM,-4.700,-7.100,top,90
C_VM2,4.000,-10.250,top,180
C_BULK,-13.750,-5.600,top,90
R_SA,1.550,-6.500,top,0
R_SB,-2.150,-6.500,top,180
R_REF_H,8.300,-12.900,top,0
R_REF_L,8.300,-11.400,top,180
C_REF,6.100,-11.000,top,90
R_ENABLE,-2.300,-0.700,top,180
U_ESD,12.400,6.900,top,270
D_TVS,-13.200,1.800,top,180
R_CC2,13.500,16.400,top,0
R_SLEEP,0.000,13.000,top,0
J_PD,-7.000,12.975,top,180
J_DATA,7.000,12.975,top,180
