Reference,MPN,JLCPCB part,Value,Voltage rating (V),Tolerance,PCB X mm,PCB Y mm,Rotation deg,Assembly side,Review note
J_PD,TYPE-C-31-M-12,C165948,,,,-7,12.975014650000002,180,top,native supplier import with OBJ and STEP
J_DATA,TYPE-C-31-M-12,C165948,,,,7,12.975014650000002,180,top,native supplier import with OBJ and STEP
U_PD,CH224K,C970725,,,,-12.7,5.7,270,top,native supplier import with OBJ and STEP
R_PD,ERJPA3F1001V,C441922,1kΩ,,,-13.3,-0.2,0,top,native supplier import with OBJ and STEP
C_PD,CL10A105KB8NNNC,C15849,1uF,,,-10.5,-0.20000000000000004,0,top,native supplier import with OBJ and STEP
R_PG,0603WAF1002T5E,C25804,10kΩ,,,-7.9,4.1,90,top,native supplier import with OBJ and STEP
U_MCU,RP2040,C2040,,,,3.4,0,0,top,native supplier import with OBJ and STEP
C_IO1,CL05B104KO5NNNC,C1525,100nF,16,,-0.3,4.8,180,top,native supplier import with OBJ and STEP
C_IO10,CL05B104KO5NNNC,C1525,100nF,16,,-1.4,-2.5,90,top,native supplier import with OBJ and STEP
C_IO22,CL05B104KO5NNNC,C1525,100nF,16,,2.6,-4.9,0,top,native supplier import with OBJ and STEP
C_IO33,CL05B104KO5NNNC,C1525,100nF,16,,8.25,-1.3,90,top,native supplier import with OBJ and STEP
C_IO42,CL05B104KO5NNNC,C1525,100nF,16,,8.25,2.6,90,top,native supplier import with OBJ and STEP
C_IO49,CL05B104KO5NNNC,C1525,100nF,16,,3.5,5.3,90,top,native supplier import with OBJ and STEP
C_DV23,CL05B104KO5NNNC,C1525,100nF,16,,4.6,-4.9,0,top,native supplier import with OBJ and STEP
C_DV50,CL05B104KO5NNNC,C1525,100nF,16,,2.4,5.3,90,top,native supplier import with OBJ and STEP
C_USB,CL05B104KO5NNNC,C1525,100nF,16,,4.3,7.4,90,top,native supplier import with OBJ and STEP
C_ADC,CL05B104KO5NNNC,C1525,100nF,16,,7.1,5.3,90,top,native supplier import with OBJ and STEP
C_VREG_IN,CL05A105KA5NQNC,C52923,1uF,25,,6.5,7.4,90,top,native supplier import with OBJ and STEP
C_VREG_OUT,CL05A105KA5NQNC,C52923,1uF,25,,5.4,7.4,90,top,native supplier import with OBJ and STEP
U_FLASH,GD25Q16EEIGR,C2986331,,,,-4.5,6.1,0,top,native supplier import with OBJ and STEP
C_FLASH,CL05B104KO5NNNC,C1525,100nF,16,,-7,8,0,top,native supplier import with OBJ and STEP
R_FLASH_CS,0402WGF1002TCE,C25744,10kΩ,,,-1.8,7.9,90,top,native supplier import with OBJ and STEP
R_BOOT,0402WGF1001TCE,C11702,1kΩ,,,14.7,4,0,top,native supplier import with OBJ and STEP
J_BOOT,,,,,,14.6,9.1,0,top,bare PCB interface
Y_MCU,ABM8-272-T3,C20625731,,,,6,-7.4,0,top,native supplier import with OBJ and STEP
R_XOUT,0402WGF1001TCE,C11702,1kΩ,,,9,-6.6,90,top,native supplier import with OBJ and STEP
C_XIN,0402CG150J500NT,C1548,15pF,,,3.15,-8.5,90,top,native supplier import with OBJ and STEP
C_XOUT,0402CG150J500NT,C1548,15pF,,,9,-8.7,90,top,native supplier import with OBJ and STEP
R_RUN,0402WGF1002TCE,C25744,10kΩ,,,6.9,-4.8,0,top,native supplier import with OBJ and STEP
R_DM,0402WGF270JTCE,C25100,27Ω,,,5.9,5.3,90,top,native supplier import with OBJ and STEP
R_DP,0402WGF270JTCE,C25100,27Ω,,,4.7,5.3,90,top,native supplier import with OBJ and STEP
R_CC1,0603WAF5101T5E,C23186,5.1kΩ,,,15.899999999999999,6.5,90,top,native supplier import with OBJ and STEP
R_CC2,0402WGF5101TCE,C25905,5.1kΩ,,,13.5,16.4,0,top,native supplier import with OBJ and STEP
R_USB_SENSE_H,0603WAF1002T5E,C25804,10kΩ,,,12.1,3.7,0,top,native supplier import with OBJ and STEP
R_USB_SENSE_L,0603WAF1002T5E,C25804,10kΩ,,,15.899999999999999,1.8,90,top,native supplier import with OBJ and STEP
Q_DATA,MMBT3904-7-F,C94514,,,,12.6,0.9000000000000001,0,top,native supplier import with OBJ and STEP
R_VM_H,0603WAF1003T5E,C25803,100kΩ,,,-15.899999999999999,16.4,0,top,native supplier import with OBJ and STEP
R_VM_L,0603WAF1002T5E,C25804,10kΩ,,,14.7,-1.6999999999999997,0,top,native supplier import with OBJ and STEP
U_VM_ISO,SN74CBTLV1G125DCKR,C131992,,,,11.5,-2.05,0,top,native supplier import with OBJ and STEP
R_VM_EN,0603WAF1002T5E,C25804,10kΩ,,,8.6,-3.8,90,top,native supplier import with OBJ and STEP
R_VM_BLEED,0603WAF1002T5E,C25804,10kΩ,,,10.8,-4.1,0,top,native supplier import with OBJ and STEP
C_VM_ISO,CL05B104KO5NNNC,C1525,100nF,16,,8.25,0.6000000000000001,90,top,native supplier import with OBJ and STEP
C_VM_SENSE,CL05B103KB5NNNC,C15195,10nF,,,13.7,-4.1,0,top,native supplier import with OBJ and STEP
U_BUCK,AP63203WU-7,C780769,,,,-5.6,-3.0000000000000004,180,top,native supplier import with OBJ and STEP
L_BUCK,SRN4018-4R7M,C780206,4.7µH,,,-7.8,-7.4,180,top,native supplier import with OBJ and STEP
C_BOOTSTRAP,CL05B104KO5NNNC,C1525,100nF,16,,-3.2,-3,90,top,native supplier import with OBJ and STEP
C_BUCK_IN,CL31A106KBHNNNE,C13585,10uF,50,,-6.4,0.14999999999999997,0,top,native supplier import with OBJ and STEP
C_BUCK_OUT1,CL21A226MAQNNNE,C45783,22uF,25,,-7.9,-11.4,180,top,native supplier import with OBJ and STEP
C_BUCK_OUT2,CL21A226MAQNNNE,C45783,22uF,25,,-8.25,-15.5,180,top,native supplier import with OBJ and STEP
D_PD,B5819W SL,C8598,,,,-4,2.6,0,top,native supplier import with OBJ and STEP
D_DATA,B5819W SL,C8598,,,,11,-7.7,90,top,native supplier import with OBJ and STEP
U_DRV,A4988SETTR-T,C38437,,,,-0.6999999999999997,-11.2,270,top,native supplier import with OBJ and STEP
C_CP,CC0603KRX7R9BB104,C14663,100nF,50,,-5.1000000000000005,-11.4,270,top,native supplier import with OBJ and STEP
C_VCP,CC0603KRX7R9BB104,C14663,100nF,50,,-5.4,-13.5,180,top,native supplier import with OBJ and STEP
C_VREG,CL10B224KA8NNNC,C21120,220nF,,,-5.1,-15.8,90,top,native supplier import with OBJ and STEP
C_DRV_LOGIC,CC0603KRX7R9BB104,C14663,100nF,50,,4,-13,180,top,native supplier import with OBJ and STEP
C_VM,CC0603KRX7R9BB104,C14663,100nF,50,,-4.7,-7.1,90,top,native supplier import with OBJ and STEP
C_VM2,CC0603KRX7R9BB104,C14663,100nF,50,,4,-10.25,180,top,native supplier import with OBJ and STEP
C_BULK,EEEFPV101XAP,C178585,100uF,35,,-13.75,-5.6,90,top,native supplier import with OBJ and STEP
R_SA,FRL0805FR240TS,C2930216,240mΩ,,,1.55,-6.5,0,top,native supplier import with OBJ and STEP
R_SB,FRL0805FR240TS,C2930216,240mΩ,,,-2.15,-6.5,180,top,native supplier import with OBJ and STEP
R_REF_H,0603WAF3901T5E,C23018,3.9kΩ,,,8.3,-12.9,0,top,native supplier import with OBJ and STEP
R_REF_L,ERJPA3F1001V,C441922,1kΩ,,,8.3,-11.4,180,top,native supplier import with OBJ and STEP
C_REF,CL10B103KB8NNNC,C1589,10nF,,,6.1,-11,90,top,native supplier import with OBJ and STEP
R_ENABLE,0603WAF1002T5E,C25804,10kΩ,,,-2.3,-0.7,180,top,native supplier import with OBJ and STEP
R_SLEEP,0603WAF1002T5E,C25804,10kΩ,,,0,13,0,top,native supplier import with OBJ and STEP
J_MOTOR,B4B-PH-K-S(LF)(SN),C131334,,,,1.5,-16.4,0,top,native supplier import with OBJ and STEP
J_DEBUG,,,,,,15.5,-6.3,90,top,bare PCB interface
U_ESD,USBLC6-2SC6,C2687116,,,,12.4,6.9,270,top,native supplier import with OBJ and STEP
D_TVS,SMF18A,C19077512,,,,-13.2,1.8,180,top,native supplier import with OBJ and STEP
